ponto_id,longitude,latitude,item_id,data_aquisicao,tile,nuvens_item_pct,resolucao_m,pixels_total,pixels_validos,fracao_valida,ndvi_media,ndvi_mediana,ndvi_p90,fracao_vegetacao_densa,periodo
P001,-45.9512896,-23.2602229,S2A_MSIL2A_20240823T131241_R138_T23KLQ_20240823T194758,2024-08-23,23KLQ,0.002442,10.0,113,113,1.0,0.08891377598047256,0.08062015473842621,0.16124460101127625,0.0,2024
P002,-45.9499994,-23.259387,S2A_MSIL2A_20240823T131241_R138_T23KLQ_20240823T194758,2024-08-23,23KLQ,0.002442,10.0,113,113,1.0,0.08764421194791794,0.05628616362810135,0.24761173129081726,0.0,2024
P003,-45.947999,-23.2581007,S2A_MSIL2A_20240823T131241_R138_T23KLQ_20240823T194758,2024-08-23,23KLQ,0.002442,10.0,113,113,1.0,0.11013004183769226,0.06351706385612488,0.2618925869464874,0.0,2024
P004,-45.9455922,-23.2567336,S2A_MSIL2A_20240823T131241_R138_T23KLQ_20240823T194758,2024-08-23,23KLQ,0.002442,10.0,113,113,1.0,0.10679452866315842,0.09101760387420654,0.20686458051204681,0.0,2024
P005,-45.9440003,-23.2555288,S2A_MSIL2A_20240823T131241_R138_T23KLQ_20240823T194758,2024-08-23,23KLQ,0.002442,10.0,113,113,1.0,0.07302631437778473,0.056603774428367615,0.12797380983829498,0.0,2024
P006,-45.9424476,-23.2547414,S2A_MSIL2A_20240823T131241_R138_T23KLQ_20240823T194758,2024-08-23,23KLQ,0.002442,10.0,113,113,1.0,0.06986984610557556,0.06510219722986221,0.12258762121200562,0.0,2024
P007,-45.9403855,-23.2534074,S2A_MSIL2A_20240823T131241_R138_T23KLQ_20240823T194758,2024-08-23,23KLQ,0.002442,10.0,113,113,1.0,0.051607921719551086,0.03714240714907646,0.11019701510667801,0.0,2024
P008,-45.938697,-23.2521122,S2A_MSIL2A_20240823T131241_R138_T23KLQ_20240823T194758,2024-08-23,23KLQ,0.002442,10.0,113,113,1.0,0.09060854464769363,0.07801084220409393,0.18332946300506592,0.0,2024
P009,-45.936968,-23.2511867,S2A_MSIL2A_20240823T131241_R138_T23KLQ_20240823T194758,2024-08-23,23KLQ,0.002442,10.0,113,113,1.0,0.08073022216558456,0.06394746154546738,0.15786249935626984,0.0,2024
P010,-45.9345238,-23.249627,S2A_MSIL2A_20240823T131241_R138_T23KLQ_20240823T194758,2024-08-23,23KLQ,0.002442,10.0,113,113,1.0,0.05567236244678497,0.045026179403066635,0.09894899278879166,0.0,2024
P011,-45.9329924,-23.2484889,S2A_MSIL2A_20240823T131241_R138_T23KLQ_20240823T194758,2024-08-23,23KLQ,0.002442,10.0,113,113,1.0,0.06711424142122269,0.054619014263153076,0.1256389617919922,0.0,2024
P012,-45.931381,-23.2476343,S2A_MSIL2A_20240823T131241_R138_T23KLQ_20240823T194758,2024-08-23,23KLQ,0.002442,10.0,113,113,1.0,0.08615882694721222,0.06802919507026672,0.16699941456317902,0.0,2024
P013,-45.9296264,-23.2463325,S2A_MSIL2A_20240823T131241_R138_T23KLQ_20240823T194758,2024-08-23,23KLQ,0.002442,10.0,113,113,1.0,0.09085115790367126,0.06111603230237961,0.21847938001155853,0.0,2024
P014,-45.9273176,-23.2447763,S2A_MSIL2A_20240823T131241_R138_T23KLQ_20240823T194758,2024-08-23,23KLQ,0.002442,10.0,113,113,1.0,0.12331648916006088,0.10278207063674927,0.1991112381219864,0.0,2024
P015,-45.9260457,-23.2438114,S2A_MSIL2A_20240823T131241_R138_T23KLQ_20240823T194758,2024-08-23,23KLQ,0.002442,10.0,113,113,1.0,0.09978529065847397,0.06852409988641739,0.21716412901878357,0.0,2024
P016,-45.9239726,-23.2421593,S2A_MSIL2A_20240823T131241_R138_T23KLQ_20240823T194758,2024-08-23,23KLQ,0.002442,10.0,113,113,1.0,0.09879138320684433,0.07305441051721573,0.19973072409629822,0.0,2024
P017,-45.922858,-23.2411129,S2A_MSIL2A_20240823T131241_R138_T23KLQ_20240823T194758,2024-08-23,23KLQ,0.002442,10.0,113,113,1.0,0.09557218104600906,0.07879986613988876,0.1785639077425003,0.0,2024
P018,-45.9213146,-23.2396888,S2A_MSIL2A_20240823T131241_R138_T23KLQ_20240823T194758,2024-08-23,23KLQ,0.002442,10.0,113,113,1.0,0.0913630798459053,0.06946513056755066,0.18909446895122528,0.0,2024
P019,-45.9202973,-23.2385589,S2A_MSIL2A_20240823T131241_R138_T23KLQ_20240823T194758,2024-08-23,23KLQ,0.002442,10.0,113,113,1.0,0.10165005922317505,0.06499999761581421,0.25774645805358887,0.0,2024
P020,-45.9188575,-23.2374416,S2A_MSIL2A_20240823T131241_R138_T23KLQ_20240823T194758,2024-08-23,23KLQ,0.002442,10.0,113,113,1.0,0.11274648457765579,0.07549984753131866,0.2555243670940399,0.0,2024
P021,-45.9176124,-23.2362821,S2A_MSIL2A_20240823T131241_R138_T23KLQ_20240823T194758,2024-08-23,23KLQ,0.002442,10.0,113,113,1.0,0.11073284596204758,0.08120020478963852,0.18944403529167175,0.0,2024
P022,-45.9162493,-23.2347839,S2A_MSIL2A_20240823T131241_R138_T23KLQ_20240823T194758,2024-08-23,23KLQ,0.002442,10.0,113,113,1.0,0.07462935149669647,0.06331580132246017,0.10455673933029175,0.0,2024
P023,-45.9145337,-23.2333907,S2A_MSIL2A_20240823T131241_R138_T23KLQ_20240823T194758,2024-08-23,23KLQ,0.002442,10.0,113,113,1.0,0.08917605131864548,0.0775560587644577,0.16206741333007812,0.0,2024
P024,-45.9133162,-23.2322415,S2A_MSIL2A_20240823T131241_R138_T23KLQ_20240823T194758,2024-08-23,23KLQ,0.002442,10.0,113,113,1.0,0.09914888441562653,0.07422802597284317,0.19184093177318573,0.0,2024
P025,-45.9114144,-23.2304542,S2A_MSIL2A_20240823T131241_R138_T23KLQ_20240823T194758,2024-08-23,23KLQ,0.002442,10.0,113,113,1.0,0.08365414291620255,0.0716129019856453,0.1351708024740219,0.0,2024
P026,-45.9091561,-23.2284187,S2A_MSIL2A_20240823T131241_R138_T23KLQ_20240823T194758,2024-08-23,23KLQ,0.002442,10.0,113,113,1.0,0.060904402285814285,0.058771148324012756,0.10540027916431427,0.0,2024
P027,-45.9053188,-23.2246019,S2A_MSIL2A_20240823T131241_R138_T23KLQ_20240823T194758,2024-08-23,23KLQ,0.002442,10.0,113,113,1.0,0.06697143614292145,0.0602409653365612,0.1072380319237709,0.0,2024
P028,-45.9038062,-23.2231899,S2A_MSIL2A_20240823T131241_R138_T23KLQ_20240823T194758,2024-08-23,23KLQ,0.002442,10.0,113,113,1.0,0.10927459597587585,0.09339647740125656,0.1930454820394516,0.0,2024
P029,-45.9011783,-23.2210474,S2A_MSIL2A_20240823T131241_R138_T23KLQ_20240823T194758,2024-08-23,23KLQ,0.002442,10.0,113,113,1.0,0.07620879262685776,0.0732278823852539,0.12443254142999649,0.0,2024
P030,-45.8994403,-23.2193674,S2A_MSIL2A_20240823T131241_R138_T23KLQ_20240823T194758,2024-08-23,23KLQ,0.002442,10.0,113,113,1.0,0.09297473728656769,0.063048355281353,0.1736888289451599,0.0,2024
P031,-45.8967109,-23.2166133,S2A_MSIL2A_20240823T131241_R138_T23KLQ_20240823T194758,2024-08-23,23KLQ,0.002442,10.0,113,113,1.0,0.10878308862447739,0.08459483832120895,0.24820703268051147,0.0,2024
P032,-45.8921681,-23.2123262,S2A_MSIL2A_20240823T131241_R138_T23KLQ_20240823T194758,2024-08-23,23KLQ,0.002442,10.0,113,113,1.0,0.1096130982041359,0.09983079880475998,0.20187591016292572,0.0,2024
P033,-45.8876504,-23.2081222,S2A_MSIL2A_20240823T131241_R138_T23KLQ_20240823T194758,2024-08-23,23KLQ,0.002442,10.0,113,113,1.0,0.15477539598941803,0.11279262602329254,0.32630401849746704,0.04424778761061947,2024
P034,-45.8838996,-23.2046542,S2A_MSIL2A_20240823T131241_R138_T23KLQ_20240823T194758,2024-08-23,23KLQ,0.002442,10.0,113,113,1.0,0.08581719547510147,0.08116084337234497,0.15572504699230194,0.0,2024
P035,-45.8784615,-23.1996111,S2A_MSIL2A_20240823T131241_R138_T23KMQ_20240823T194758,2024-08-23,23KMQ,0.002999,10.0,113,113,1.0,0.15315929055213928,0.12041884660720825,0.351857453584671,0.0,2024
P036,-45.8773358,-23.1986594,S2A_MSIL2A_20240823T131241_R138_T23KMQ_20240823T194758,2024-08-23,23KMQ,0.002999,10.0,113,113,1.0,0.1760590672492981,0.12707678973674774,0.37964552640914917,0.0,2024
P037,-45.876045,-23.1977746,S2A_MSIL2A_20240823T131241_R138_T23KMQ_20240823T194758,2024-08-23,23KMQ,0.002999,10.0,113,113,1.0,0.18951308727264404,0.16114982962608337,0.30373379588127136,0.0,2024
P038,-45.8747831,-23.197066,S2A_MSIL2A_20240823T131241_R138_T23KMQ_20240823T194758,2024-08-23,23KMQ,0.002999,10.0,113,113,1.0,0.19183485209941864,0.17534537613391876,0.3212090730667114,0.0,2024
P039,-45.8734504,-23.196169,S2A_MSIL2A_20240823T131241_R138_T23KMQ_20240823T194758,2024-08-23,23KMQ,0.002999,10.0,113,113,1.0,0.1326918751001358,0.10341726988554001,0.2950733006000519,0.0,2024
P040,-45.8715213,-23.1952891,S2A_MSIL2A_20240823T131241_R138_T23KMQ_20240823T194758,2024-08-23,23KMQ,0.002999,10.0,113,113,1.0,0.1360153704881668,0.11170808225870132,0.2791709005832672,0.0,2024
P041,-45.8701988,-23.1945064,S2A_MSIL2A_20240823T131241_R138_T23KMQ_20240823T194758,2024-08-23,23KMQ,0.002999,10.0,113,113,1.0,0.12953104078769684,0.10532175749540329,0.23834861814975739,0.0,2024
P042,-45.8686602,-23.1937087,S2A_MSIL2A_20240823T131241_R138_T23KMQ_20240823T194758,2024-08-23,23KMQ,0.002999,10.0,113,113,1.0,0.13897092640399933,0.11815181374549866,0.2547306716442108,0.0,2024
P043,-45.8664561,-23.1926438,S2A_MSIL2A_20240823T131241_R138_T23KMQ_20240823T194758,2024-08-23,23KMQ,0.002999,10.0,113,113,1.0,0.19364939630031586,0.1784738302230835,0.33398669958114624,0.0,2024
P044,-45.8650608,-23.1919238,S2A_MSIL2A_20240823T131241_R138_T23KMQ_20240823T194758,2024-08-23,23KMQ,0.002999,10.0,113,113,1.0,0.16519691050052643,0.14995752274990082,0.27601638436317444,0.0,2024
P045,-45.8636874,-23.1912501,S2A_MSIL2A_20240823T131241_R138_T23KMQ_20240823T194758,2024-08-23,23KMQ,0.002999,10.0,113,113,1.0,0.2397555261850357,0.26598578691482544,0.36106324195861816,0.0,2024
P046,-45.8590924,-23.1889735,S2A_MSIL2A_20240823T131241_R138_T23KMQ_20240823T194758,2024-08-23,23KMQ,0.002999,10.0,113,113,1.0,0.18272432684898376,0.1928660273551941,0.2766757607460022,0.0,2024
P047,-45.8575626,-23.1883802,S2A_MSIL2A_20240823T131241_R138_T23KMQ_20240823T194758,2024-08-23,23KMQ,0.002999,10.0,113,113,1.0,0.10030907392501831,0.0746268630027771,0.24021732807159424,0.0,2024
P048,-45.8546778,-23.1867795,S2A_MSIL2A_20240823T131241_R138_T23KMQ_20240823T194758,2024-08-23,23KMQ,0.002999,10.0,113,113,1.0,0.1356363147497177,0.1144067794084549,0.23216784000396729,0.0,2024
P049,-45.8524734,-23.1856714,S2A_MSIL2A_20240823T131241_R138_T23KMQ_20240823T194758,2024-08-23,23KMQ,0.002999,10.0,113,113,1.0,0.13135074079036713,0.11627907305955887,0.22006303071975708,0.0,2024
P050,-45.8454424,-23.182137,S2A_MSIL2A_20240823T131241_R138_T23KMQ_20240823T194758,2024-08-23,23KMQ,0.002999,10.0,113,113,1.0,0.11767750233411789,0.10822510719299316,0.18059486150741577,0.0,2024
P051,-45.8437861,-23.1813081,S2A_MSIL2A_20240823T131241_R138_T23KMQ_20240823T194758,2024-08-23,23KMQ,0.002999,10.0,113,113,1.0,0.13100600242614746,0.10825295001268387,0.23513968288898468,0.0,2024
P052,-45.8400941,-23.1796057,S2A_MSIL2A_20240823T131241_R138_T23KMQ_20240823T194758,2024-08-23,23KMQ,0.002999,10.0,113,113,1.0,0.09470681101083755,0.09199828654527664,0.16733020544052124,0.0,2024
P053,-45.837751,-23.178287,S2A_MSIL2A_20240823T131241_R138_T23KMQ_20240823T194758,2024-08-23,23KMQ,0.002999,10.0,113,113,1.0,0.17280656099319458,0.16424418985843658,0.2214086800813675,0.0,2024
P054,-45.8352677,-23.1770304,S2A_MSIL2A_20240823T131241_R138_T23KMQ_20240823T194758,2024-08-23,23KMQ,0.002999,10.0,113,113,1.0,0.1589021235704422,0.15416420996189117,0.23713801801204681,0.0,2024
P055,-45.8336041,-23.1761886,S2A_MSIL2A_20240823T131241_R138_T23KMQ_20240823T194758,2024-08-23,23KMQ,0.002999,10.0,113,113,1.0,0.18393228948116302,0.17296677827835083,0.2789302170276642,0.0,2024
P056,-45.8322929,-23.1755353,S2A_MSIL2A_20240823T131241_R138_T23KMQ_20240823T194758,2024-08-23,23KMQ,0.002999,10.0,113,113,1.0,0.19402365386486053,0.18724535405635834,0.27879267930984497,0.0,2024
P057,-45.8299299,-23.1745039,S2A_MSIL2A_20240823T131241_R138_T23KMQ_20240823T194758,2024-08-23,23KMQ,0.002999,10.0,113,113,1.0,0.1425585001707077,0.13470013439655304,0.21106171607971191,0.0,2024
P058,-45.8266205,-23.1727091,S2A_MSIL2A_20240823T131241_R138_T23KMQ_20240823T194758,2024-08-23,23KMQ,0.002999,10.0,113,113,1.0,0.15677693486213684,0.1592545509338379,0.22663092613220215,0.0,2024
P059,-45.8224892,-23.1706507,S2A_MSIL2A_20240823T131241_R138_T23KMQ_20240823T194758,2024-08-23,23KMQ,0.002999,10.0,113,113,1.0,0.15089569985866547,0.14263011515140533,0.21537324786186218,0.0,2024
P060,-45.8180369,-23.1684262,S2A_MSIL2A_20240823T131241_R138_T23KMQ_20240823T194758,2024-08-23,23KMQ,0.002999,10.0,113,113,1.0,0.21075770258903503,0.2088414579629898,0.292950838804245,0.0,2024
P061,-45.8158312,-23.1673229,S2A_MSIL2A_20240823T131241_R138_T23KMQ_20240823T194758,2024-08-23,23KMQ,0.002999,10.0,113,113,1.0,0.1680884212255478,0.1670628935098648,0.2473696619272232,0.0,2024
P062,-45.8110544,-23.1649335,S2A_MSIL2A_20240823T131241_R138_T23KMQ_20240823T194758,2024-08-23,23KMQ,0.002999,10.0,113,113,1.0,0.17856700718402863,0.16333268582820892,0.3027929961681366,0.0,2024
P063,-45.8084429,-23.1636272,S2A_MSIL2A_20240823T131241_R138_T23KMQ_20240823T194758,2024-08-23,23KMQ,0.002999,10.0,113,113,1.0,0.21614548563957214,0.19742488861083984,0.3884412944316864,0.0,2024
P064,-45.8060318,-23.1624084,S2A_MSIL2A_20240823T131241_R138_T23KMQ_20240823T194758,2024-08-23,23KMQ,0.002999,10.0,113,113,1.0,0.1524963080883026,0.16199755668640137,0.21061310172080994,0.0,2024
P065,-45.8044808,-23.1617463,S2A_MSIL2A_20240823T131241_R138_T23KMQ_20240823T194758,2024-08-23,23KMQ,0.002999,10.0,113,113,1.0,0.10457877814769745,0.0848194882273674,0.1893233060836792,0.0,2024
P066,-45.8019397,-23.1603456,S2A_MSIL2A_20240823T131241_R138_T23KMQ_20240823T194758,2024-08-23,23KMQ,0.002999,10.0,113,113,1.0,0.20555277168750763,0.2154039889574051,0.2780190408229828,0.0,2024
P067,-45.8002358,-23.1594871,S2A_MSIL2A_20240823T131241_R138_T23KMQ_20240823T194758,2024-08-23,23KMQ,0.002999,10.0,113,113,1.0,0.21254684031009674,0.23057644069194794,0.28642335534095764,0.0,2024
P068,-45.7979563,-23.1584776,S2A_MSIL2A_20240823T131241_R138_T23KMQ_20240823T194758,2024-08-23,23KMQ,0.002999,10.0,113,113,1.0,0.22717608511447906,0.24116680026054382,0.3218049108982086,0.0,2024
P069,-45.7958486,-23.1574222,S2A_MSIL2A_20240823T131241_R138_T23KMQ_20240823T194758,2024-08-23,23KMQ,0.002999,10.0,113,113,1.0,0.22317808866500854,0.25120773911476135,0.2973465919494629,0.0,2024
P070,-45.7929528,-23.1559496,S2A_MSIL2A_20240823T131241_R138_T23KMQ_20240823T194758,2024-08-23,23KMQ,0.002999,10.0,113,113,1.0,0.24170871078968048,0.2376311868429184,0.3840145468711853,0.0,2024
P071,-45.7915009,-23.1551114,S2A_MSIL2A_20240823T131241_R138_T23KMQ_20240823T194758,2024-08-23,23KMQ,0.002999,10.0,113,113,1.0,0.25474247336387634,0.2717299461364746,0.3493802845478058,0.0,2024
P072,-45.7866966,-23.1526762,S2A_MSIL2A_20240823T131241_R138_T23KMQ_20240823T194758,2024-08-23,23KMQ,0.002999,10.0,113,113,1.0,0.18598158657550812,0.1565295159816742,0.3148965835571289,0.0,2024
P073,-45.7853693,-23.1520073,S2A_MSIL2A_20240823T131241_R138_T23KMQ_20240823T194758,2024-08-23,23KMQ,0.002999,10.0,113,113,1.0,0.18355295062065125,0.1677747368812561,0.27268245816230774,0.0,2024
P074,-45.7836529,-23.1511436,S2A_MSIL2A_20240823T131241_R138_T23KMQ_20240823T194758,2024-08-23,23KMQ,0.002999,10.0,113,113,1.0,0.19079649448394775,0.18327556550502777,0.31845587491989136,0.0,2024
P075,-45.7819916,-23.1502911,S2A_MSIL2A_20240823T131241_R138_T23KMQ_20240823T194758,2024-08-23,23KMQ,0.002999,10.0,113,113,1.0,0.2076210230588913,0.18831993639469147,0.3207281231880188,0.0,2024
P076,-45.7804229,-23.1494903,S2A_MSIL2A_20240823T131241_R138_T23KMQ_20240823T194758,2024-08-23,23KMQ,0.002999,10.0,113,113,1.0,0.18242642283439636,0.1690395027399063,0.2684705853462219,0.0,2024
P077,-45.7780079,-23.1482708,S2A_MSIL2A_20240823T131241_R138_T23KMQ_20240823T194758,2024-08-23,23KMQ,0.002999,10.0,113,113,1.0,0.24683420360088348,0.2645988464355469,0.37457650899887085,0.0,2024
P078,-45.7760619,-23.1474184,S2A_MSIL2A_20240823T131241_R138_T23KMQ_20240823T194758,2024-08-23,23KMQ,0.002999,10.0,113,113,1.0,0.21504363417625427,0.2173553705215454,0.3049475848674774,0.0,2024
P079,-45.7747463,-23.1467538,S2A_MSIL2A_20240823T131241_R138_T23KMQ_20240823T194758,2024-08-23,23KMQ,0.002999,10.0,113,113,1.0,0.20096643269062042,0.20648258924484253,0.26746419072151184,0.0,2024
P080,-45.7727475,-23.1457487,S2A_MSIL2A_20240823T131241_R138_T23KMQ_20240823T194758,2024-08-23,23KMQ,0.002999,10.0,113,113,1.0,0.18693797290325165,0.18800292909145355,0.25630253553390503,0.0,2024
P081,-45.7710928,-23.1449166,S2A_MSIL2A_20240823T131241_R138_T23KMQ_20240823T194758,2024-08-23,23KMQ,0.002999,10.0,113,113,1.0,0.2454695850610733,0.25875750184059143,0.35126399993896484,0.0,2024
P082,-45.7683161,-23.1433887,S2A_MSIL2A_20240823T131241_R138_T23KMQ_20240823T194758,2024-08-23,23KMQ,0.002999,10.0,113,113,1.0,0.21944113075733185,0.22968600690364838,0.30295518040657043,0.0,2024
P083,-45.7669978,-23.1427129,S2A_MSIL2A_20240823T131241_R138_T23KMQ_20240823T194758,2024-08-23,23KMQ,0.002999,10.0,113,113,1.0,0.18728232383728027,0.18535760045051575,0.250414103269577,0.0,2024
P084,-45.7648654,-23.1416499,S2A_MSIL2A_20240823T131241_R138_T23KMQ_20240823T194758,2024-08-23,23KMQ,0.002999,10.0,113,113,1.0,0.20231573283672333,0.21876297891139984,0.2569502294063568,0.0,2024
P085,-45.7625053,-23.1404481,S2A_MSIL2A_20240823T131241_R138_T23KMQ_20240823T194758,2024-08-23,23KMQ,0.002999,10.0,113,113,1.0,0.17866797745227814,0.1791197508573532,0.2479400932788849,0.0,2024
P086,-45.7609623,-23.1396774,S2A_MSIL2A_20240823T131241_R138_T23KMQ_20240823T194758,2024-08-23,23KMQ,0.002999,10.0,113,113,1.0,0.19150924682617188,0.15534883737564087,0.3249531686306,0.0,2024
P087,-45.7592903,-23.1388288,S2A_MSIL2A_20240823T131241_R138_T23KMQ_20240823T194758,2024-08-23,23KMQ,0.002999,10.0,113,113,1.0,0.25795406103134155,0.2630680501461029,0.3961073160171509,0.0,2024
P088,-45.7576024,-23.1381509,S2A_MSIL2A_20240823T131241_R138_T23KMQ_20240823T194758,2024-08-23,23KMQ,0.002999,10.0,113,113,1.0,0.2737998366355896,0.2977527976036072,0.39715248346328735,0.0,2024
P089,-45.7557044,-23.1370263,S2A_MSIL2A_20240823T131241_R138_T23KMQ_20240823T194758,2024-08-23,23KMQ,0.002999,10.0,113,113,1.0,0.24996715784072876,0.26393142342567444,0.33931684494018555,0.0,2024
P090,-45.7540586,-23.136196,S2A_MSIL2A_20240823T131241_R138_T23KMQ_20240823T194758,2024-08-23,23KMQ,0.002999,10.0,113,113,1.0,0.1827661395072937,0.18846926093101501,0.25558483600616455,0.0,2024
P091,-45.7514018,-23.1350142,S2A_MSIL2A_20240823T131241_R138_T23KMQ_20240823T194758,2024-08-23,23KMQ,0.002999,10.0,113,113,1.0,0.20856527984142303,0.21812297403812408,0.2966037690639496,0.0,2024
P092,-45.74995,-23.1342833,S2A_MSIL2A_20240823T131241_R138_T23KMQ_20240823T194758,2024-08-23,23KMQ,0.002999,10.0,113,113,1.0,0.23747766017913818,0.24907824397087097,0.3235982060432434,0.0,2024
P001,-45.9512896,-23.2602229,S2B_MSIL2A_20250813T131249_R138_T23KLQ_20250813T150043,2025-08-13,23KLQ,0.014582,10.0,113,113,1.0,0.08513891696929932,0.07414226233959198,0.17362534999847412,0.0,2025
P002,-45.9499994,-23.259387,S2B_MSIL2A_20250813T131249_R138_T23KLQ_20250813T150043,2025-08-13,23KLQ,0.014582,10.0,113,113,1.0,0.06291952729225159,0.0576271191239357,0.1295628547668457,0.0,2025
P003,-45.947999,-23.2581007,S2B_MSIL2A_20250813T131249_R138_T23KLQ_20250813T150043,2025-08-13,23KLQ,0.014582,10.0,113,113,1.0,0.12897461652755737,0.07374999672174454,0.3026731610298157,0.0,2025
P004,-45.9455922,-23.2567336,S2B_MSIL2A_20250813T131249_R138_T23KLQ_20250813T150043,2025-08-13,23KLQ,0.014582,10.0,113,113,1.0,0.10202948749065399,0.07271172106266022,0.22429662942886353,0.0,2025
P005,-45.9440003,-23.2555288,S2B_MSIL2A_20250813T131249_R138_T23KLQ_20250813T150043,2025-08-13,23KLQ,0.014582,10.0,113,113,1.0,0.07450392097234726,0.06680512428283691,0.1187935397028923,0.0,2025
P006,-45.9424476,-23.2547414,S2B_MSIL2A_20250813T131249_R138_T23KLQ_20250813T150043,2025-08-13,23KLQ,0.014582,10.0,113,113,1.0,0.05687814950942993,0.05052178353071213,0.09766499698162079,0.0,2025
P007,-45.9403855,-23.2534074,S2B_MSIL2A_20250813T131249_R138_T23KLQ_20250813T150043,2025-08-13,23KLQ,0.014582,10.0,113,113,1.0,0.05998649820685387,0.045799657702445984,0.09838269650936127,0.0,2025
P008,-45.938697,-23.2521122,S2B_MSIL2A_20250813T131249_R138_T23KLQ_20250813T150043,2025-08-13,23KLQ,0.014582,10.0,113,113,1.0,0.10767649859189987,0.08593612164258957,0.20699958503246307,0.0,2025
P009,-45.936968,-23.2511867,S2B_MSIL2A_20250813T131249_R138_T23KLQ_20250813T150043,2025-08-13,23KLQ,0.014582,10.0,113,113,1.0,0.09439463168382645,0.08513453602790833,0.15882764756679535,0.0,2025
P010,-45.9345238,-23.249627,S2B_MSIL2A_20250813T131249_R138_T23KLQ_20250813T150043,2025-08-13,23KLQ,0.014582,10.0,113,113,1.0,0.06669820100069046,0.05788235366344452,0.11074906587600708,0.0,2025
P011,-45.9329924,-23.2484889,S2B_MSIL2A_20250813T131249_R138_T23KLQ_20250813T150043,2025-08-13,23KLQ,0.014582,10.0,113,113,1.0,0.05944635719060898,0.05606694519519806,0.08818065375089645,0.0,2025
P012,-45.931381,-23.2476343,S2B_MSIL2A_20250813T131249_R138_T23KLQ_20250813T150043,2025-08-13,23KLQ,0.014582,10.0,113,113,1.0,0.08217178285121918,0.06444135308265686,0.18671204149723053,0.0,2025
P013,-45.9296264,-23.2463325,S2B_MSIL2A_20250813T131249_R138_T23KLQ_20250813T150043,2025-08-13,23KLQ,0.014582,10.0,113,113,1.0,0.09845219552516937,0.07875987142324448,0.20351611077785492,0.0,2025
P014,-45.9273176,-23.2447763,S2B_MSIL2A_20250813T131249_R138_T23KLQ_20250813T150043,2025-08-13,23KLQ,0.014582,10.0,113,113,1.0,0.13117027282714844,0.12256050109863281,0.22796866297721863,0.0,2025
P015,-45.9260457,-23.2438114,S2B_MSIL2A_20250813T131249_R138_T23KLQ_20250813T150043,2025-08-13,23KLQ,0.014582,10.0,113,113,1.0,0.10940366983413696,0.08863972872495651,0.19313865900039673,0.0,2025
P016,-45.9239726,-23.2421593,S2B_MSIL2A_20250813T131249_R138_T23KLQ_20250813T150043,2025-08-13,23KLQ,0.014582,10.0,113,113,1.0,0.09203178435564041,0.06330318748950958,0.20324881374835968,0.0,2025
P017,-45.922858,-23.2411129,S2B_MSIL2A_20250813T131249_R138_T23KLQ_20250813T150043,2025-08-13,23KLQ,0.014582,10.0,113,113,1.0,0.08350641280412674,0.05581999197602272,0.18161502480506897,0.0,2025
P018,-45.9213146,-23.2396888,S2B_MSIL2A_20250813T131249_R138_T23KLQ_20250813T150043,2025-08-13,23KLQ,0.014582,10.0,113,113,1.0,0.06939896941184998,0.05024932697415352,0.14341315627098083,0.0,2025
P019,-45.9202973,-23.2385589,S2B_MSIL2A_20250813T131249_R138_T23KLQ_20250813T150043,2025-08-13,23KLQ,0.014582,10.0,113,113,1.0,0.08919446170330048,0.061355482786893845,0.22928135097026825,0.0,2025
P020,-45.9188575,-23.2374416,S2B_MSIL2A_20250813T131249_R138_T23KLQ_20250813T150043,2025-08-13,23KLQ,0.014582,10.0,113,113,1.0,0.09335179626941681,0.06360708177089691,0.2372487187385559,0.0,2025
P021,-45.9176124,-23.2362821,S2B_MSIL2A_20250813T131249_R138_T23KLQ_20250813T150043,2025-08-13,23KLQ,0.014582,10.0,113,113,1.0,0.08757248520851135,0.06340183317661285,0.16950632631778717,0.0,2025
P022,-45.9162493,-23.2347839,S2B_MSIL2A_20250813T131249_R138_T23KLQ_20250813T150043,2025-08-13,23KLQ,0.014582,10.0,113,113,1.0,0.06345066428184509,0.05757715180516243,0.10564395040273666,0.0,2025
P023,-45.9145337,-23.2333907,S2B_MSIL2A_20250813T131249_R138_T23KLQ_20250813T150043,2025-08-13,23KLQ,0.014582,10.0,113,113,1.0,0.07846463471651077,0.06436917930841446,0.16340705752372742,0.0,2025
P024,-45.9133162,-23.2322415,S2B_MSIL2A_20250813T131249_R138_T23KLQ_20250813T150043,2025-08-13,23KLQ,0.014582,10.0,113,113,1.0,0.09309055656194687,0.07331118732690811,0.20794673264026642,0.0,2025
P025,-45.9114144,-23.2304542,S2B_MSIL2A_20250813T131249_R138_T23KLQ_20250813T150043,2025-08-13,23KLQ,0.014582,10.0,113,113,1.0,0.061882998794317245,0.05310129374265671,0.11964549124240875,0.0,2025
P026,-45.9091561,-23.2284187,S2B_MSIL2A_20250813T131249_R138_T23KLQ_20250813T150043,2025-08-13,23KLQ,0.014582,10.0,113,113,1.0,0.05224394425749779,0.04344158619642258,0.09193113446235657,0.0,2025
P027,-45.9053188,-23.2246019,S2B_MSIL2A_20250813T131249_R138_T23KLQ_20250813T150043,2025-08-13,23KLQ,0.014582,10.0,113,113,1.0,0.06107641011476517,0.05752212554216385,0.10410938411951065,0.0,2025
P028,-45.9038062,-23.2231899,S2B_MSIL2A_20250813T131249_R138_T23KLQ_20250813T150043,2025-08-13,23KLQ,0.014582,10.0,113,113,1.0,0.10783587396144867,0.10012567788362503,0.1565764993429184,0.0,2025
P029,-45.9011783,-23.2210474,S2B_MSIL2A_20250813T131249_R138_T23KLQ_20250813T150043,2025-08-13,23KLQ,0.014582,10.0,113,113,1.0,0.06482479721307755,0.05477769672870636,0.11897580325603485,0.0,2025
P030,-45.8994403,-23.2193674,S2B_MSIL2A_20250813T131249_R138_T23KLQ_20250813T150043,2025-08-13,23KLQ,0.014582,10.0,113,113,1.0,0.09743938595056534,0.0744723230600357,0.17880350351333618,0.0,2025
P031,-45.8967109,-23.2166133,S2B_MSIL2A_20250813T131249_R138_T23KLQ_20250813T150043,2025-08-13,23KLQ,0.014582,10.0,113,113,1.0,0.09385096281766891,0.07984119653701782,0.18283408880233765,0.0,2025
P032,-45.8921681,-23.2123262,S2B_MSIL2A_20250813T131249_R138_T23KLQ_20250813T150043,2025-08-13,23KLQ,0.014582,10.0,113,113,1.0,0.10352713614702225,0.09267880022525787,0.18182268738746643,0.0,2025
P033,-45.8876504,-23.2081222,S2B_MSIL2A_20250813T131249_R138_T23KLQ_20250813T150043,2025-08-13,23KLQ,0.014582,10.0,113,113,1.0,0.1313168704509735,0.10402218997478485,0.2756691873073578,0.0,2025
P034,-45.8838996,-23.2046542,S2B_MSIL2A_20250813T131249_R138_T23KLQ_20250813T150043,2025-08-13,23KLQ,0.014582,10.0,113,113,1.0,0.08425237983465195,0.07387465238571167,0.14739182591438293,0.0,2025
P035,-45.8784615,-23.1996111,S2B_MSIL2A_20250813T131249_R138_T23KMQ_20250813T150043,2025-08-13,23KMQ,1.887071,10.0,113,113,1.0,0.15191659331321716,0.10946918278932571,0.40735602378845215,0.0,2025
P036,-45.8773358,-23.1986594,S2B_MSIL2A_20250813T131249_R138_T23KMQ_20250813T150043,2025-08-13,23KMQ,1.887071,10.0,113,113,1.0,0.14841602742671967,0.10004331171512604,0.379848450422287,0.0,2025
P037,-45.876045,-23.1977746,S2B_MSIL2A_20250813T131249_R138_T23KMQ_20250813T150043,2025-08-13,23KMQ,1.887071,10.0,113,113,1.0,0.15136544406414032,0.10550763458013535,0.3547761142253876,0.0,2025
P038,-45.8747831,-23.197066,S2B_MSIL2A_20250813T131249_R138_T23KMQ_20250813T150043,2025-08-13,23KMQ,1.887071,10.0,113,113,1.0,0.16521477699279785,0.10954063385725021,0.3718307614326477,0.0,2025
P039,-45.8734504,-23.196169,S2B_MSIL2A_20250813T131249_R138_T23KMQ_20250813T150043,2025-08-13,23KMQ,1.887071,10.0,113,113,1.0,0.13800379633903503,0.09847015887498856,0.3453264832496643,0.0,2025
P040,-45.8715213,-23.1952891,S2B_MSIL2A_20250813T131249_R138_T23KMQ_20250813T150043,2025-08-13,23KMQ,1.887071,10.0,113,113,1.0,0.1456991732120514,0.11785246431827545,0.3022225499153137,0.0,2025
P041,-45.8701988,-23.1945064,S2B_MSIL2A_20250813T131249_R138_T23KMQ_20250813T150043,2025-08-13,23KMQ,1.887071,10.0,113,113,1.0,0.13770511746406555,0.12624330818653107,0.2230367362499237,0.0,2025
P042,-45.8686602,-23.1937087,S2B_MSIL2A_20250813T131249_R138_T23KMQ_20250813T150043,2025-08-13,23KMQ,1.887071,10.0,113,113,1.0,0.10740285366773605,0.08378490805625916,0.21826010942459106,0.0,2025
P043,-45.8664561,-23.1926438,S2B_MSIL2A_20250813T131249_R138_T23KMQ_20250813T150043,2025-08-13,23KMQ,1.887071,10.0,113,113,1.0,0.19282111525535583,0.17110265791416168,0.34594887495040894,0.0,2025
P044,-45.8650608,-23.1919238,S2B_MSIL2A_20250813T131249_R138_T23KMQ_20250813T150043,2025-08-13,23KMQ,1.887071,10.0,113,113,1.0,0.16050836443901062,0.12933024764060974,0.2888106107711792,0.0,2025
P045,-45.8636874,-23.1912501,S2B_MSIL2A_20250813T131249_R138_T23KMQ_20250813T150043,2025-08-13,23KMQ,1.887071,10.0,113,113,1.0,0.15088896453380585,0.12914520502090454,0.2654707431793213,0.0,2025
P046,-45.8590924,-23.1889735,S2B_MSIL2A_20250813T131249_R138_T23KMQ_20250813T150043,2025-08-13,23KMQ,1.887071,10.0,113,113,1.0,0.15728530287742615,0.15149006247520447,0.2526858150959015,0.0,2025
P047,-45.8575626,-23.1883802,S2B_MSIL2A_20250813T131249_R138_T23KMQ_20250813T150043,2025-08-13,23KMQ,1.887071,10.0,113,113,1.0,0.09714318811893463,0.06534475088119507,0.23715606331825256,0.0,2025
P048,-45.8546778,-23.1867795,S2B_MSIL2A_20250813T131249_R138_T23KMQ_20250813T150043,2025-08-13,23KMQ,1.887071,10.0,113,113,1.0,0.12870539724826813,0.11614497750997543,0.21656979620456696,0.0,2025
P049,-45.8524734,-23.1856714,S2B_MSIL2A_20250813T131249_R138_T23KMQ_20250813T150043,2025-08-13,23KMQ,1.887071,10.0,113,113,1.0,0.11808688193559647,0.11666666716337204,0.1778714954853058,0.0,2025
P050,-45.8454424,-23.182137,S2B_MSIL2A_20250813T131249_R138_T23KMQ_20250813T150043,2025-08-13,23KMQ,1.887071,10.0,113,113,1.0,0.1366843581199646,0.1044168546795845,0.26729312539100647,0.0,2025
P051,-45.8437861,-23.1813081,S2B_MSIL2A_20250813T131249_R138_T23KMQ_20250813T150043,2025-08-13,23KMQ,1.887071,10.0,113,113,1.0,0.13161255419254303,0.1028667762875557,0.26319581270217896,0.0,2025
P052,-45.8400941,-23.1796057,S2B_MSIL2A_20250813T131249_R138_T23KMQ_20250813T150043,2025-08-13,23KMQ,1.887071,10.0,113,113,1.0,0.06597912311553955,0.053920671343803406,0.10239507257938385,0.0,2025
P053,-45.837751,-23.178287,S2B_MSIL2A_20250813T131249_R138_T23KMQ_20250813T150043,2025-08-13,23KMQ,1.887071,10.0,113,113,1.0,0.12154655158519745,0.11030346900224686,0.18097567558288574,0.0,2025
P054,-45.8352677,-23.1770304,S2B_MSIL2A_20250813T131249_R138_T23KMQ_20250813T150043,2025-08-13,23KMQ,1.887071,10.0,113,113,1.0,0.15437360107898712,0.14709419012069702,0.23928329348564148,0.0,2025
P055,-45.8336041,-23.1761886,S2B_MSIL2A_20250813T131249_R138_T23KMQ_20250813T150043,2025-08-13,23KMQ,1.887071,10.0,113,113,1.0,0.1911146491765976,0.16585366427898407,0.336048424243927,0.0,2025
P056,-45.8322929,-23.1755353,S2B_MSIL2A_20250813T131249_R138_T23KMQ_20250813T150043,2025-08-13,23KMQ,1.887071,10.0,113,113,1.0,0.18883411586284637,0.16317135095596313,0.297199547290802,0.0,2025
P057,-45.8299299,-23.1745039,S2B_MSIL2A_20250813T131249_R138_T23KMQ_20250813T150043,2025-08-13,23KMQ,1.887071,10.0,113,113,1.0,0.1933877021074295,0.16483516991138458,0.38446128368377686,0.0,2025
P058,-45.8266205,-23.1727091,S2B_MSIL2A_20250813T131249_R138_T23KMQ_20250813T150043,2025-08-13,23KMQ,1.887071,10.0,113,113,1.0,0.16683486104011536,0.15800711512565613,0.26412126421928406,0.0,2025
P059,-45.8224892,-23.1706507,S2B_MSIL2A_20250813T131249_R138_T23KMQ_20250813T150043,2025-08-13,23KMQ,1.887071,10.0,113,113,1.0,0.149987131357193,0.13407236337661743,0.23660750687122345,0.0,2025
P060,-45.8180369,-23.1684262,S2B_MSIL2A_20250813T131249_R138_T23KMQ_20250813T150043,2025-08-13,23KMQ,1.887071,10.0,113,113,1.0,0.186362624168396,0.18287670612335205,0.2638724446296692,0.0,2025
P061,-45.8158312,-23.1673229,S2B_MSIL2A_20250813T131249_R138_T23KMQ_20250813T150043,2025-08-13,23KMQ,1.887071,10.0,113,113,1.0,0.14905217289924622,0.14713217318058014,0.22154125571250916,0.0,2025
P062,-45.8110544,-23.1649335,S2B_MSIL2A_20250813T131249_R138_T23KMQ_20250813T150043,2025-08-13,23KMQ,1.887071,10.0,113,113,1.0,0.1706320345401764,0.14661769568920135,0.3131188452243805,0.0,2025
P063,-45.8084429,-23.1636272,S2B_MSIL2A_20250813T131249_R138_T23KMQ_20250813T150043,2025-08-13,23KMQ,1.887071,10.0,113,113,1.0,0.21671344339847565,0.19172462821006775,0.3881514072418213,0.0,2025
P064,-45.8060318,-23.1624084,S2B_MSIL2A_20250813T131249_R138_T23KMQ_20250813T150043,2025-08-13,23KMQ,1.887071,10.0,113,113,1.0,0.16066917777061462,0.1687999963760376,0.2152927815914154,0.0,2025
P065,-45.8044808,-23.1617463,S2B_MSIL2A_20250813T131249_R138_T23KMQ_20250813T150043,2025-08-13,23KMQ,1.887071,10.0,113,113,1.0,0.10989689826965332,0.092422254383564,0.2045903205871582,0.0,2025
P066,-45.8019397,-23.1603456,S2B_MSIL2A_20250813T131249_R138_T23KMQ_20250813T150043,2025-08-13,23KMQ,1.887071,10.0,113,113,1.0,0.21646423637866974,0.2225082814693451,0.3176969587802887,0.0,2025
P067,-45.8002358,-23.1594871,S2B_MSIL2A_20250813T131249_R138_T23KMQ_20250813T150043,2025-08-13,23KMQ,1.887071,10.0,113,113,1.0,0.19891595840454102,0.2188599556684494,0.27548059821128845,0.0,2025
P068,-45.7979563,-23.1584776,S2B_MSIL2A_20250813T131249_R138_T23KMQ_20250813T150043,2025-08-13,23KMQ,1.887071,10.0,113,113,1.0,0.20902498066425323,0.18952447175979614,0.33116456866264343,0.0,2025
P069,-45.7958486,-23.1574222,S2B_MSIL2A_20250813T131249_R138_T23KMQ_20250813T150043,2025-08-13,23KMQ,1.887071,10.0,113,113,1.0,0.19727467000484467,0.1936928927898407,0.27769553661346436,0.0,2025
P070,-45.7929528,-23.1559496,S2B_MSIL2A_20250813T131249_R138_T23KMQ_20250813T150043,2025-08-13,23KMQ,1.887071,10.0,113,113,1.0,0.251559317111969,0.2199276089668274,0.4556752145290375,0.04424778761061947,2025
P071,-45.7915009,-23.1551114,S2B_MSIL2A_20250813T131249_R138_T23KMQ_20250813T150043,2025-08-13,23KMQ,1.887071,10.0,113,113,1.0,0.23937468230724335,0.20959073305130005,0.38538849353790283,0.0,2025
P072,-45.7866966,-23.1526762,S2B_MSIL2A_20250813T131249_R138_T23KMQ_20250813T150043,2025-08-13,23KMQ,1.887071,10.0,113,113,1.0,0.16838473081588745,0.1428571492433548,0.31116628646850586,0.0,2025
P073,-45.7853693,-23.1520073,S2B_MSIL2A_20250813T131249_R138_T23KMQ_20250813T150043,2025-08-13,23KMQ,1.887071,10.0,113,113,1.0,0.15362240374088287,0.15555556118488312,0.2271401584148407,0.0,2025
P074,-45.7836529,-23.1511436,S2B_MSIL2A_20250813T131249_R138_T23KMQ_20250813T150043,2025-08-13,23KMQ,1.887071,10.0,113,113,1.0,0.1647535115480423,0.15248796343803406,0.2619309425354004,0.0,2025
P075,-45.7819916,-23.1502911,S2B_MSIL2A_20250813T131249_R138_T23KMQ_20250813T150043,2025-08-13,23KMQ,1.887071,10.0,113,113,1.0,0.19610653817653656,0.2087099403142929,0.25865888595581055,0.0,2025
P076,-45.7804229,-23.1494903,S2B_MSIL2A_20250813T131249_R138_T23KMQ_20250813T150043,2025-08-13,23KMQ,1.887071,10.0,113,113,1.0,0.1668478548526764,0.15367837250232697,0.2481645792722702,0.0,2025
P077,-45.7780079,-23.1482708,S2B_MSIL2A_20250813T131249_R138_T23KMQ_20250813T150043,2025-08-13,23KMQ,1.887071,10.0,113,113,1.0,0.24243125319480896,0.25947105884552,0.36805394291877747,0.0,2025
P078,-45.7760619,-23.1474184,S2B_MSIL2A_20250813T131249_R138_T23KMQ_20250813T150043,2025-08-13,23KMQ,1.887071,10.0,113,113,1.0,0.22067615389823914,0.22628886997699738,0.3341331481933594,0.0,2025
P079,-45.7747463,-23.1467538,S2B_MSIL2A_20250813T131249_R138_T23KMQ_20250813T150043,2025-08-13,23KMQ,1.887071,10.0,113,113,1.0,0.20888051390647888,0.22067749500274658,0.29048189520835876,0.0,2025
P080,-45.7727475,-23.1457487,S2B_MSIL2A_20250813T131249_R138_T23KMQ_20250813T150043,2025-08-13,23KMQ,1.887071,10.0,113,113,1.0,0.16078133881092072,0.14089183509349823,0.2357054352760315,0.0,2025
P081,-45.7710928,-23.1449166,S2B_MSIL2A_20250813T131249_R138_T23KMQ_20250813T150043,2025-08-13,23KMQ,1.887071,10.0,113,113,1.0,0.1604434698820114,0.1409538984298706,0.26710382103919983,0.0,2025
P082,-45.7683161,-23.1433887,S2B_MSIL2A_20250813T131249_R138_T23KMQ_20250813T150043,2025-08-13,23KMQ,1.887071,10.0,113,113,1.0,0.2278401404619217,0.2355777770280838,0.3230719268321991,0.0,2025
P083,-45.7669978,-23.1427129,S2B_MSIL2A_20250813T131249_R138_T23KMQ_20250813T150043,2025-08-13,23KMQ,1.887071,10.0,113,113,1.0,0.19345718622207642,0.18927700817584991,0.2630060911178589,0.0,2025
P084,-45.7648654,-23.1416499,S2B_MSIL2A_20250813T131249_R138_T23KMQ_20250813T150043,2025-08-13,23KMQ,1.887071,10.0,113,113,1.0,0.22198176383972168,0.22758351266384125,0.3037697374820709,0.0,2025
P085,-45.7625053,-23.1404481,S2B_MSIL2A_20250813T131249_R138_T23KMQ_20250813T150043,2025-08-13,23KMQ,1.887071,10.0,113,113,1.0,0.18297713994979858,0.18736252188682556,0.24098677933216095,0.0,2025
P086,-45.7609623,-23.1396774,S2B_MSIL2A_20250813T131249_R138_T23KMQ_20250813T150043,2025-08-13,23KMQ,1.887071,10.0,113,113,1.0,0.22272098064422607,0.2225586622953415,0.35035762190818787,0.0,2025
P087,-45.7592903,-23.1388288,S2B_MSIL2A_20250813T131249_R138_T23KMQ_20250813T150043,2025-08-13,23KMQ,1.887071,10.0,113,113,1.0,0.2615985870361328,0.2618343234062195,0.4037172496318817,0.0,2025
P088,-45.7576024,-23.1381509,S2B_MSIL2A_20250813T131249_R138_T23KMQ_20250813T150043,2025-08-13,23KMQ,1.887071,10.0,113,113,1.0,0.2825877368450165,0.29316651821136475,0.4448077082633972,0.0,2025
P089,-45.7557044,-23.1370263,S2B_MSIL2A_20250813T131249_R138_T23KMQ_20250813T150043,2025-08-13,23KMQ,1.887071,10.0,113,113,1.0,0.2647590935230255,0.29596325755119324,0.3637322187423706,0.0,2025
P090,-45.7540586,-23.136196,S2B_MSIL2A_20250813T131249_R138_T23KMQ_20250813T150043,2025-08-13,23KMQ,1.887071,10.0,113,113,1.0,0.20028042793273926,0.20651067793369293,0.2836364507675171,0.0,2025
P091,-45.7514018,-23.1350142,S2B_MSIL2A_20250813T131249_R138_T23KMQ_20250813T150043,2025-08-13,23KMQ,1.887071,10.0,113,113,1.0,0.21243880689144135,0.18815895915031433,0.3632449209690094,0.0,2025
P092,-45.74995,-23.1342833,S2B_MSIL2A_20250813T131249_R138_T23KMQ_20250813T150043,2025-08-13,23KMQ,1.887071,10.0,113,113,1.0,0.24691300094127655,0.26100385189056396,0.34831348061561584,0.0,2025
