ponto_id,longitude,latitude,fracao_valida_anterior,fracao_valida_atual,fracao_vegetacao_densa_anterior,fracao_vegetacao_densa_atual,ndvi_media_anterior,ndvi_media_atual,ndvi_mediana_anterior,ndvi_mediana_atual,ndvi_p90_anterior,ndvi_p90_atual,pixels_validos_anterior,pixels_validos_atual,delta_ndvi_media,delta_fracao_densa,indice_prioridade_0_100,prioridade_inspecao,criterio_rotulo
P070,-45.7929528,-23.1559496,1.0,1.0,0.0,0.0442477876106194,0.2417087107896804,0.251559317111969,0.2376311868429184,0.2199276089668274,0.3840145468711853,0.4556752145290375,113,113,0.009850606322288596,0.0442477876106194,74.2,alta,ndvi_p90_atual=0.456; delta_ndvi=0.010
P088,-45.7576024,-23.1381509,1.0,1.0,0.0,0.0,0.2737998366355896,0.2825877368450165,0.2977527976036072,0.2931665182113647,0.3971524834632873,0.4448077082633972,113,113,0.00878790020942688,0.0,72.1,alta,ndvi_p90_atual=0.445; delta_ndvi=0.009
P057,-45.8299299,-23.1745039,1.0,1.0,0.0,0.0,0.1425585001707077,0.1933877021074295,0.134700134396553,0.1648351699113845,0.2110617160797119,0.3844612836837768,113,113,0.0508292019367218,0.0,69.9,alta,ndvi_p90_atual=0.384; delta_ndvi=0.051
P087,-45.7592903,-23.1388288,1.0,1.0,0.0,0.0,0.2579540610313415,0.2615985870361328,0.2630680501461029,0.2618343234062195,0.3961073160171509,0.4037172496318817,113,113,0.0036445260047913153,0.0,63.9,alta,ndvi_p90_atual=0.404; delta_ndvi=0.004
P035,-45.8784615,-23.1996111,1.0,1.0,0.0,0.0,0.1531592905521392,0.1519165933132171,0.1204188466072082,0.1094691827893257,0.351857453584671,0.4073560237884521,113,113,-0.0012426972389220914,0.0,63.5,alta,ndvi_p90_atual=0.407; delta_ndvi=-0.001
P063,-45.8084429,-23.1636272,1.0,1.0,0.0,0.0,0.2161454856395721,0.2167134433984756,0.1974248886108398,0.1917246282100677,0.3884412944316864,0.3881514072418213,113,113,0.0005679577589035034,0.0,60.5,media,ndvi_p90_atual=0.388; delta_ndvi=0.001
P086,-45.7609623,-23.1396774,1.0,1.0,0.0,0.0,0.1915092468261718,0.222720980644226,0.1553488373756408,0.2225586622953415,0.3249531686306,0.3503576219081878,113,113,0.0312117338180542,0.0,60.1,media,ndvi_p90_atual=0.350; delta_ndvi=0.031
P089,-45.7557044,-23.1370263,1.0,1.0,0.0,0.0,0.2499671578407287,0.2647590935230255,0.2639314234256744,0.2959632575511932,0.3393168449401855,0.3637322187423706,113,113,0.014791935682296808,0.0,59.1,media,ndvi_p90_atual=0.364; delta_ndvi=0.015
P071,-45.7915009,-23.1551114,1.0,1.0,0.0,0.0,0.2547424733638763,0.2393746823072433,0.2717299461364746,0.2095907330513,0.3493802845478058,0.3853884935379028,113,113,-0.015367791056632996,0.0,56.9,media,ndvi_p90_atual=0.385; delta_ndvi=-0.015
P091,-45.7514018,-23.1350142,1.0,1.0,0.0,0.0,0.208565279841423,0.2124388068914413,0.218122974038124,0.1881589591503143,0.2966037690639496,0.3632449209690094,113,113,0.003873527050018283,0.0,56.8,media,ndvi_p90_atual=0.363; delta_ndvi=0.004
P077,-45.7780079,-23.1482708,1.0,1.0,0.0,0.0,0.2468342036008834,0.2424312531948089,0.2645988464355469,0.25947105884552,0.3745765089988708,0.3680539429187774,113,113,-0.004402950406074496,0.0,56.0,media,ndvi_p90_atual=0.368; delta_ndvi=-0.004
P092,-45.74995,-23.1342833,1.0,1.0,0.0,0.0,0.2374776601791381,0.2469130009412765,0.2490782439708709,0.2610038518905639,0.3235982060432434,0.3483134806156158,113,113,0.009435340762138394,0.0,55.3,media,ndvi_p90_atual=0.348; delta_ndvi=0.009
P039,-45.8734504,-23.196169,1.0,1.0,0.0,0.0,0.1326918751001358,0.138003796339035,0.10341726988554,0.0984701588749885,0.2950733006000519,0.3453264832496643,113,113,0.005311921238899203,0.0,54.0,media,ndvi_p90_atual=0.345; delta_ndvi=0.005
P036,-45.8773358,-23.1986594,1.0,1.0,0.0,0.0,0.1760590672492981,0.1484160274267196,0.1270767897367477,0.100043311715126,0.3796455264091491,0.379848450422287,113,113,-0.027643039822578486,0.0,53.4,media,ndvi_p90_atual=0.380; delta_ndvi=-0.028
P043,-45.8664561,-23.1926438,1.0,1.0,0.0,0.0,0.1936493963003158,0.1928211152553558,0.1784738302230835,0.1711026579141616,0.3339866995811462,0.3459488749504089,113,113,-0.0008282810449599942,0.0,52.9,media,ndvi_p90_atual=0.346; delta_ndvi=-0.001
P055,-45.8336041,-23.1761886,1.0,1.0,0.0,0.0,0.183932289481163,0.1911146491765976,0.1729667782783508,0.165853664278984,0.2789302170276642,0.336048424243927,113,113,0.007182359695434598,0.0,52.7,media,ndvi_p90_atual=0.336; delta_ndvi=0.007
P038,-45.8747831,-23.197066,1.0,1.0,0.0,0.0,0.1918348520994186,0.1652147769927978,0.1753453761339187,0.1095406338572502,0.3212090730667114,0.3718307614326477,113,113,-0.026620075106620816,0.0,52.2,media,ndvi_p90_atual=0.372; delta_ndvi=-0.027
P078,-45.7760619,-23.1474184,1.0,1.0,0.0,0.0,0.2150436341762542,0.2206761538982391,0.2173553705215454,0.2262888699769973,0.3049475848674774,0.3341331481933594,113,113,0.005632519721984919,0.0,52.1,media,ndvi_p90_atual=0.334; delta_ndvi=0.006
P082,-45.7683161,-23.1433887,1.0,1.0,0.0,0.0,0.2194411307573318,0.2278401404619217,0.2296860069036483,0.2355777770280838,0.3029551804065704,0.3230719268321991,113,113,0.0083990097045899,0.0,50.7,media,ndvi_p90_atual=0.323; delta_ndvi=0.008
P066,-45.8019397,-23.1603456,1.0,1.0,0.0,0.0,0.2055527716875076,0.2164642363786697,0.2154039889574051,0.2225082814693451,0.2780190408229828,0.3176969587802887,113,113,0.01091146469116211,0.0,50.3,media,ndvi_p90_atual=0.318; delta_ndvi=0.011
P084,-45.7648654,-23.1416499,1.0,1.0,0.0,0.0,0.2023157328367233,0.2219817638397216,0.2187629789113998,0.2275835126638412,0.2569502294063568,0.3037697374820709,113,113,0.019666031002998297,0.0,49.6,media,ndvi_p90_atual=0.304; delta_ndvi=0.020
P003,-45.947999,-23.2581007,1.0,1.0,0.0,0.0,0.1101300418376922,0.1289746165275573,0.0635170638561248,0.0737499967217445,0.2618925869464874,0.3026731610298157,113,113,0.018844574689865085,0.0,49.2,media,ndvi_p90_atual=0.303; delta_ndvi=0.019
P040,-45.8715213,-23.1952891,1.0,1.0,0.0,0.0,0.1360153704881668,0.1456991732120514,0.1117080822587013,0.1178524643182754,0.2791709005832672,0.3022225499153137,113,113,0.009683802723884583,0.0,47.3,media,ndvi_p90_atual=0.302; delta_ndvi=0.010
P037,-45.876045,-23.1977746,1.0,1.0,0.0,0.0,0.189513087272644,0.1513654440641403,0.1611498296260833,0.1055076345801353,0.3037337958812713,0.3547761142253876,113,113,-0.038147643208503695,0.0,47.0,media,ndvi_p90_atual=0.355; delta_ndvi=-0.038
P068,-45.7979563,-23.1584776,1.0,1.0,0.0,0.0,0.227176085114479,0.2090249806642532,0.2411668002605438,0.1895244717597961,0.3218049108982086,0.3311645686626434,113,113,-0.018151104450225802,0.0,46.8,media,ndvi_p90_atual=0.331; delta_ndvi=-0.018
P062,-45.8110544,-23.1649335,1.0,1.0,0.0,0.0,0.1785670071840286,0.1706320345401764,0.1633326858282089,0.1466176956892013,0.3027929961681366,0.3131188452243805,113,113,-0.007934972643852206,0.0,45.7,media,ndvi_p90_atual=0.313; delta_ndvi=-0.008
P090,-45.7540586,-23.136196,1.0,1.0,0.0,0.0,0.1827661395072937,0.2002804279327392,0.188469260931015,0.2065106779336929,0.2555848360061645,0.2836364507675171,113,113,0.0175142884254455,0.0,45.6,baixa,ndvi_p90_atual=0.284; delta_ndvi=0.018
P079,-45.7747463,-23.1467538,1.0,1.0,0.0,0.0,0.2009664326906204,0.2088805139064788,0.2064825892448425,0.2206774950027465,0.2674641907215118,0.2904818952083587,113,113,0.007914081215858404,0.0,44.9,baixa,ndvi_p90_atual=0.290; delta_ndvi=0.008
P056,-45.8322929,-23.1755353,1.0,1.0,0.0,0.0,0.1940236538648605,0.1888341158628463,0.1872453540563583,0.1631713509559631,0.2787926793098449,0.297199547290802,113,113,-0.005189538002014216,0.0,43.5,baixa,ndvi_p90_atual=0.297; delta_ndvi=-0.005
P072,-45.7866966,-23.1526762,1.0,1.0,0.0,0.0,0.1859815865755081,0.1683847308158874,0.1565295159816742,0.1428571492433548,0.3148965835571289,0.3111662864685058,113,113,-0.017596855759620694,0.0,43.4,media,ndvi_p90_atual=0.311; delta_ndvi=-0.018
P050,-45.8454424,-23.182137,1.0,1.0,0.0,0.0,0.1176775023341178,0.1366843581199646,0.1082251071929931,0.1044168546795845,0.1805948615074157,0.2672931253910064,113,113,0.019006855785846793,0.0,43.1,baixa,ndvi_p90_atual=0.267; delta_ndvi=0.019
P044,-45.8650608,-23.1919238,1.0,1.0,0.0,0.0,0.1651969105005264,0.1605083644390106,0.1499575227499008,0.1293302476406097,0.2760163843631744,0.2888106107711792,113,113,-0.004688546061515808,0.0,42.1,baixa,ndvi_p90_atual=0.289; delta_ndvi=-0.005
P058,-45.8266205,-23.1727091,1.0,1.0,0.0,0.0,0.1567769348621368,0.1668348610401153,0.1592545509338379,0.1580071151256561,0.2266309261322021,0.264121264219284,113,113,0.010057926177978488,0.0,40.7,baixa,ndvi_p90_atual=0.264; delta_ndvi=0.010
P083,-45.7669978,-23.1427129,1.0,1.0,0.0,0.0,0.1872823238372802,0.1934571862220764,0.1853576004505157,0.1892770081758499,0.250414103269577,0.2630060911178589,113,113,0.006174862384796198,0.0,39.8,baixa,ndvi_p90_atual=0.263; delta_ndvi=0.006
P051,-45.8437861,-23.1813081,1.0,1.0,0.0,0.0,0.1310060024261474,0.131612554192543,0.1082529500126838,0.1028667762875557,0.2351396828889846,0.2631958127021789,113,113,0.0006065517663955966,0.0,38.7,baixa,ndvi_p90_atual=0.263; delta_ndvi=0.001
P067,-45.8002358,-23.1594871,1.0,1.0,0.0,0.0,0.2125468403100967,0.198915958404541,0.2305764406919479,0.2188599556684494,0.2864233553409576,0.2754805982112884,113,113,-0.013630881905555725,0.0,38.0,baixa,ndvi_p90_atual=0.275; delta_ndvi=-0.014
P033,-45.8876504,-23.2081222,1.0,1.0,0.0442477876106194,0.0,0.154775395989418,0.1313168704509735,0.1127926260232925,0.1040221899747848,0.326304018497467,0.2756691873073578,113,113,-0.02345852553844449,-0.0442477876106194,36.1,baixa,ndvi_p90_atual=0.276; delta_ndvi=-0.023
P069,-45.7958486,-23.1574222,1.0,1.0,0.0,0.0,0.2231780886650085,0.1972746700048446,0.2512077391147613,0.1936928927898407,0.2973465919494629,0.2776955366134643,113,113,-0.02590341866016388,0.0,35.9,baixa,ndvi_p90_atual=0.278; delta_ndvi=-0.026
P075,-45.7819916,-23.1502911,1.0,1.0,0.0,0.0,0.2076210230588913,0.1961065381765365,0.1883199363946914,0.2087099403142929,0.3207281231880188,0.2586588859558105,113,113,-0.011514484882354792,0.0,35.5,baixa,ndvi_p90_atual=0.259; delta_ndvi=-0.012
P085,-45.7625053,-23.1404481,1.0,1.0,0.0,0.0,0.1786679774522781,0.1829771399497985,0.1791197508573532,0.1873625218868255,0.2479400932788849,0.2409867793321609,113,113,0.004309162497520391,0.0,35.5,baixa,ndvi_p90_atual=0.241; delta_ndvi=0.004
P014,-45.9273176,-23.2447763,1.0,1.0,0.0,0.0,0.1233164891600608,0.1311702728271484,0.1027820706367492,0.1225605010986328,0.1991112381219864,0.2279686629772186,113,113,0.00785378366708761,0.0,34.0,baixa,ndvi_p90_atual=0.228; delta_ndvi=0.008
P060,-45.8180369,-23.1684262,1.0,1.0,0.0,0.0,0.210757702589035,0.186362624168396,0.2088414579629898,0.182876706123352,0.292950838804245,0.2638724446296692,113,113,-0.02439507842063901,0.0,33.8,baixa,ndvi_p90_atual=0.264; delta_ndvi=-0.024
P059,-45.8224892,-23.1706507,1.0,1.0,0.0,0.0,0.1508956998586654,0.149987131357193,0.1426301151514053,0.1340723633766174,0.2153732478618621,0.2366075068712234,113,113,-0.0009085685014724176,0.0,33.7,baixa,ndvi_p90_atual=0.237; delta_ndvi=-0.001
P054,-45.8352677,-23.1770304,1.0,1.0,0.0,0.0,0.1589021235704422,0.1543736010789871,0.1541642099618911,0.147094190120697,0.2371380180120468,0.2392832934856414,113,113,-0.004528522491455106,0.0,33.5,baixa,ndvi_p90_atual=0.239; delta_ndvi=-0.005
P047,-45.8575626,-23.1883802,1.0,1.0,0.0,0.0,0.1003090739250183,0.0971431881189346,0.0746268630027771,0.065344750881195,0.2402173280715942,0.2371560633182525,113,113,-0.003165885806083693,0.0,33.4,baixa,ndvi_p90_atual=0.237; delta_ndvi=-0.003
P041,-45.8701988,-23.1945064,1.0,1.0,0.0,0.0,0.1295310407876968,0.1377051174640655,0.1053217574954032,0.126243308186531,0.2383486181497573,0.2230367362499237,113,113,0.008174076676368686,0.0,33.2,baixa,ndvi_p90_atual=0.223; delta_ndvi=0.008
P074,-45.7836529,-23.1511436,1.0,1.0,0.0,0.0,0.1907964944839477,0.1647535115480423,0.1832755655050277,0.152487963438034,0.3184558749198913,0.2619309425354004,113,113,-0.0260429829359054,0.0,33.1,baixa,ndvi_p90_atual=0.262; delta_ndvi=-0.026
P076,-45.7804229,-23.1494903,1.0,1.0,0.0,0.0,0.1824264228343963,0.1668478548526764,0.1690395027399063,0.1536783725023269,0.2684705853462219,0.2481645792722702,113,113,-0.015578567981719915,0.0,32.8,baixa,ndvi_p90_atual=0.248; delta_ndvi=-0.016
P008,-45.938697,-23.2521122,1.0,1.0,0.0,0.0,0.0906085446476936,0.1076764985918998,0.0780108422040939,0.0859361216425895,0.1833294630050659,0.206999585032463,113,113,0.017067953944206196,0.0,32.1,baixa,ndvi_p90_atual=0.207; delta_ndvi=0.017
P064,-45.8060318,-23.1624084,1.0,1.0,0.0,0.0,0.1524963080883026,0.1606691777706146,0.1619975566864013,0.1687999963760376,0.2106131017208099,0.2152927815914154,113,113,0.008172869682311984,0.0,31.8,baixa,ndvi_p90_atual=0.215; delta_ndvi=0.008
P046,-45.8590924,-23.1889735,1.0,1.0,0.0,0.0,0.1827243268489837,0.1572853028774261,0.1928660273551941,0.1514900624752044,0.2766757607460022,0.2526858150959015,113,113,-0.025439023971557617,0.0,31.6,baixa,ndvi_p90_atual=0.253; delta_ndvi=-0.025
P004,-45.9455922,-23.2567336,1.0,1.0,0.0,0.0,0.1067945286631584,0.1020294874906539,0.0910176038742065,0.0727117210626602,0.2068645805120468,0.2242966294288635,113,113,-0.004765041172504508,0.0,30.8,baixa,ndvi_p90_atual=0.224; delta_ndvi=-0.005
P019,-45.9202973,-23.2385589,1.0,1.0,0.0,0.0,0.101650059223175,0.0891944617033004,0.0649999976158142,0.0613554827868938,0.2577464580535888,0.2292813509702682,113,113,-0.012455597519874587,0.0,30.1,baixa,ndvi_p90_atual=0.229; delta_ndvi=-0.012
P020,-45.9188575,-23.2374416,1.0,1.0,0.0,0.0,0.1127464845776557,0.0933517962694168,0.0754998475313186,0.0636070817708969,0.2555243670940399,0.2372487187385559,113,113,-0.0193946883082389,0.0,30.1,baixa,ndvi_p90_atual=0.237; delta_ndvi=-0.019
P013,-45.9296264,-23.2463325,1.0,1.0,0.0,0.0,0.0908511579036712,0.0984521955251693,0.0611160323023796,0.0787598714232444,0.2184793800115585,0.2035161107778549,113,113,0.007601037621498108,0.0,29.6,baixa,ndvi_p90_atual=0.204; delta_ndvi=0.008
P065,-45.8044808,-23.1617463,1.0,1.0,0.0,0.0,0.1045787781476974,0.1098968982696533,0.0848194882273674,0.092422254383564,0.1893233060836792,0.2045903205871582,113,113,0.005318120121955913,0.0,29.4,baixa,ndvi_p90_atual=0.205; delta_ndvi=0.005
P081,-45.7710928,-23.1449166,1.0,1.0,0.0,0.0,0.2454695850610733,0.1604434698820114,0.2587575018405914,0.1409538984298706,0.3512639999389648,0.2671038210391998,113,113,-0.08502611517906189,0.0,29.2,baixa,ndvi_p90_atual=0.267; delta_ndvi=-0.085
P045,-45.8636874,-23.1912501,1.0,1.0,0.0,0.0,0.2397555261850357,0.1508889645338058,0.2659857869148254,0.1291452050209045,0.3610632419586181,0.2654707431793213,113,113,-0.08886656165122991,0.0,29.0,baixa,ndvi_p90_atual=0.265; delta_ndvi=-0.089
P048,-45.8546778,-23.1867795,1.0,1.0,0.0,0.0,0.1356363147497177,0.1287053972482681,0.1144067794084549,0.1161449775099754,0.2321678400039672,0.2165697962045669,113,113,-0.006930917501449613,0.0,29.0,baixa,ndvi_p90_atual=0.217; delta_ndvi=-0.007
P080,-45.7727475,-23.1457487,1.0,1.0,0.0,0.0,0.1869379729032516,0.1607813388109207,0.1880029290914535,0.1408918350934982,0.256302535533905,0.2357054352760315,113,113,-0.026156634092330905,0.0,28.5,baixa,ndvi_p90_atual=0.236; delta_ndvi=-0.026
P015,-45.9260457,-23.2438114,1.0,1.0,0.0,0.0,0.0997852906584739,0.1094036698341369,0.0685240998864173,0.0886397287249565,0.2171641290187835,0.1931386590003967,113,113,0.009618379175662994,0.0,28.2,baixa,ndvi_p90_atual=0.193; delta_ndvi=0.010
P024,-45.9133162,-23.2322415,1.0,1.0,0.0,0.0,0.0991488844156265,0.0930905565619468,0.0742280259728431,0.0733111873269081,0.1918409317731857,0.2079467326402664,113,113,-0.006058327853679699,0.0,27.7,baixa,ndvi_p90_atual=0.208; delta_ndvi=-0.006
P061,-45.8158312,-23.1673229,1.0,1.0,0.0,0.0,0.1680884212255478,0.1490521728992462,0.1670628935098648,0.1471321731805801,0.2473696619272232,0.2215412557125091,113,113,-0.019036248326301602,0.0,27.5,baixa,ndvi_p90_atual=0.222; delta_ndvi=-0.019
P016,-45.9239726,-23.2421593,1.0,1.0,0.0,0.0,0.0987913832068443,0.0920317843556404,0.0730544105172157,0.0633031874895095,0.1997307240962982,0.2032488137483596,113,113,-0.006759598851203905,0.0,26.7,baixa,ndvi_p90_atual=0.203; delta_ndvi=-0.007
P073,-45.7853693,-23.1520073,1.0,1.0,0.0,0.0,0.1835529506206512,0.1536224037408828,0.1677747368812561,0.1555555611848831,0.2726824581623077,0.2271401584148407,113,113,-0.0299305468797684,0.0,26.3,baixa,ndvi_p90_atual=0.227; delta_ndvi=-0.030
P030,-45.8994403,-23.2193674,1.0,1.0,0.0,0.0,0.0929747372865676,0.0974393859505653,0.063048355281353,0.0744723230600357,0.1736888289451599,0.1788035035133361,113,113,0.004464648663997692,0.0,24.7,baixa,ndvi_p90_atual=0.179; delta_ndvi=0.004
P012,-45.931381,-23.2476343,1.0,1.0,0.0,0.0,0.0861588269472122,0.0821717828512191,0.0680291950702667,0.0644413530826568,0.166999414563179,0.1867120414972305,113,113,-0.003987044095993111,0.0,24.4,baixa,ndvi_p90_atual=0.187; delta_ndvi=-0.004
P042,-45.8686602,-23.1937087,1.0,1.0,0.0,0.0,0.1389709264039993,0.107402853667736,0.1181518137454986,0.0837849080562591,0.2547306716442108,0.218260109424591,113,113,-0.0315680727362633,0.0,24.4,baixa,ndvi_p90_atual=0.218; delta_ndvi=-0.032
P032,-45.8921681,-23.2123262,1.0,1.0,0.0,0.0,0.1096130982041359,0.1035271361470222,0.0998307988047599,0.0926788002252578,0.2018759101629257,0.1818226873874664,113,113,-0.006085962057113689,0.0,23.1,baixa,ndvi_p90_atual=0.182; delta_ndvi=-0.006
P009,-45.936968,-23.2511867,1.0,1.0,0.0,0.0,0.0807302221655845,0.0943946316838264,0.0639474615454673,0.0851345360279083,0.1578624993562698,0.1588276475667953,113,113,0.01366440951824191,0.0,23.0,baixa,ndvi_p90_atual=0.159; delta_ndvi=0.014
P001,-45.9512896,-23.2602229,1.0,1.0,0.0,0.0,0.0889137759804725,0.0851389169692993,0.0806201547384262,0.0741422623395919,0.1612446010112762,0.1736253499984741,113,113,-0.0037748590111731928,0.0,22.1,baixa,ndvi_p90_atual=0.174; delta_ndvi=-0.004
P017,-45.922858,-23.2411129,1.0,1.0,0.0,0.0,0.095572181046009,0.0835064128041267,0.0787998661398887,0.0558199919760227,0.1785639077425003,0.1816150248050689,113,113,-0.012065768241882296,0.0,21.9,baixa,ndvi_p90_atual=0.182; delta_ndvi=-0.012
P031,-45.8967109,-23.2166133,1.0,1.0,0.0,0.0,0.1087830886244773,0.0938509628176689,0.0845948383212089,0.0798411965370178,0.2482070326805114,0.1828340888023376,113,113,-0.014932125806808402,0.0,21.5,baixa,ndvi_p90_atual=0.183; delta_ndvi=-0.015
P049,-45.8524734,-23.1856714,1.0,1.0,0.0,0.0,0.1313507407903671,0.1180868819355964,0.1162790730595588,0.116666667163372,0.220063030719757,0.1778714954853058,113,113,-0.013263858854770702,0.0,21.0,baixa,ndvi_p90_atual=0.178; delta_ndvi=-0.013
P028,-45.9038062,-23.2231899,1.0,1.0,0.0,0.0,0.1092745959758758,0.1078358739614486,0.0933964774012565,0.100125677883625,0.1930454820394516,0.1565764993429184,113,113,-0.001438722014427199,0.0,19.6,baixa,ndvi_p90_atual=0.157; delta_ndvi=-0.001
P023,-45.9145337,-23.2333907,1.0,1.0,0.0,0.0,0.0891760513186454,0.0784646347165107,0.0775560587644577,0.0643691793084144,0.1620674133300781,0.1634070575237274,113,113,-0.01071141660213469,0.0,19.0,baixa,ndvi_p90_atual=0.163; delta_ndvi=-0.011
P034,-45.8838996,-23.2046542,1.0,1.0,0.0,0.0,0.0858171954751014,0.0842523798346519,0.0811608433723449,0.0738746523857116,0.1557250469923019,0.1473918259143829,113,113,-0.0015648156404494962,0.0,18.0,baixa,ndvi_p90_atual=0.147; delta_ndvi=-0.002
P021,-45.9176124,-23.2362821,1.0,1.0,0.0,0.0,0.1107328459620475,0.0875724852085113,0.0812002047896385,0.0634018331766128,0.1894440352916717,0.1695063263177871,113,113,-0.023160360753536197,0.0,17.5,baixa,ndvi_p90_atual=0.170; delta_ndvi=-0.023
P053,-45.837751,-23.178287,1.0,1.0,0.0,0.0,0.1728065609931945,0.1215465515851974,0.1642441898584365,0.1103034690022468,0.2214086800813675,0.1809756755828857,113,113,-0.051260009407997104,0.0,14.2,baixa,ndvi_p90_atual=0.181; delta_ndvi=-0.051
P010,-45.9345238,-23.249627,1.0,1.0,0.0,0.0,0.0556723624467849,0.0666982010006904,0.0450261794030666,0.0578823536634445,0.0989489927887916,0.110749065876007,113,113,0.011025838553905508,0.0,14.1,baixa,ndvi_p90_atual=0.111; delta_ndvi=0.011
P005,-45.9440003,-23.2555288,1.0,1.0,0.0,0.0,0.0730263143777847,0.0745039209723472,0.0566037744283676,0.0668051242828369,0.1279738098382949,0.1187935397028923,113,113,0.0014776065945625028,0.0,13.6,baixa,ndvi_p90_atual=0.119; delta_ndvi=0.001
P018,-45.9213146,-23.2396888,1.0,1.0,0.0,0.0,0.0913630798459053,0.0693989694118499,0.0694651305675506,0.0502493269741535,0.1890944689512252,0.1434131562709808,113,113,-0.021964110434055398,0.0,13.2,baixa,ndvi_p90_atual=0.143; delta_ndvi=-0.022
P007,-45.9403855,-23.2534074,1.0,1.0,0.0,0.0,0.051607921719551,0.0599864982068538,0.0371424071490764,0.0457996577024459,0.110197015106678,0.0983826965093612,113,113,0.008378576487302794,0.0,11.7,baixa,ndvi_p90_atual=0.098; delta_ndvi=0.008
P029,-45.9011783,-23.2210474,1.0,1.0,0.0,0.0,0.0762087926268577,0.0648247972130775,0.0732278823852539,0.0547776967287063,0.1244325414299964,0.1189758032560348,113,113,-0.011383995413780199,0.0,11.0,baixa,ndvi_p90_atual=0.119; delta_ndvi=-0.011
P002,-45.9499994,-23.259387,1.0,1.0,0.0,0.0,0.0876442119479179,0.0629195272922515,0.0562861636281013,0.0576271191239357,0.2476117312908172,0.1295628547668457,113,113,-0.024724684655666393,0.0,10.2,baixa,ndvi_p90_atual=0.130; delta_ndvi=-0.025
P027,-45.9053188,-23.2246019,1.0,1.0,0.0,0.0,0.0669714361429214,0.0610764101147651,0.0602409653365612,0.0575221255421638,0.1072380319237709,0.1041093841195106,113,113,-0.005895026028156308,0.0,9.5,baixa,ndvi_p90_atual=0.104; delta_ndvi=-0.006
P025,-45.9114144,-23.2304542,1.0,1.0,0.0,0.0,0.0836541429162025,0.0618829987943172,0.0716129019856453,0.0531012937426567,0.1351708024740219,0.1196454912424087,113,113,-0.021771144121885307,0.0,9.1,baixa,ndvi_p90_atual=0.120; delta_ndvi=-0.022
P022,-45.9162493,-23.2347839,1.0,1.0,0.0,0.0,0.0746293514966964,0.063450664281845,0.0633158013224601,0.0575771518051624,0.1045567393302917,0.1056439504027366,113,113,-0.011178687214851407,0.0,8.8,baixa,ndvi_p90_atual=0.106; delta_ndvi=-0.011
P011,-45.9329924,-23.2484889,1.0,1.0,0.0,0.0,0.0671142414212226,0.0594463571906089,0.054619014263153,0.056066945195198,0.1256389617919922,0.0881806537508964,113,113,-0.0076678842306137016,0.0,8.5,baixa,ndvi_p90_atual=0.088; delta_ndvi=-0.008
P026,-45.9091561,-23.2284187,1.0,1.0,0.0,0.0,0.0609044022858142,0.0522439442574977,0.0587711483240127,0.0434415861964225,0.1054002791643142,0.0919311344623565,113,113,-0.008660458028316505,0.0,8.3,baixa,ndvi_p90_atual=0.092; delta_ndvi=-0.009
P006,-45.9424476,-23.2547414,1.0,1.0,0.0,0.0,0.0698698461055755,0.0568781495094299,0.0651021972298622,0.0505217835307121,0.1225876212120056,0.0976649969816207,113,113,-0.012991696596145609,0.0,7.4,baixa,ndvi_p90_atual=0.098; delta_ndvi=-0.013
P052,-45.8400941,-23.1796057,1.0,1.0,0.0,0.0,0.0947068110108375,0.0659791231155395,0.0919982865452766,0.0539206713438034,0.1673302054405212,0.1023950725793838,113,113,-0.028727687895298004,0.0,4.7,baixa,ndvi_p90_atual=0.102; delta_ndvi=-0.029
